seed,policy,total,TIMELY,LATE,DROPPED_EXPIRY,DROPPED_SHED,PENDING,link_busy_us,decisions,delay_us,canceled_decisions,fallbacks,mean_local_scorer_ms,p95_local_scorer_ms
777,EDF,1606,417,576,587,0,26,4999218,994,0,0,0,0.0032229124748490946,0.003979299999999998
777,LLF,1606,381,533,665,0,27,4999218,915,0,0,0,0.0057187333333333324,0.007163599999999998
777,Threshold Best-Effort Shedding,1606,754,243,163,428,18,4999218,998,0,0,0,0.0025257595190380762,0.0038442
777,Matched MLP (0 ms modeled delay),1606,880,110,148,454,14,4992308,992,0,0,0,0.0854010564516129,0.1819318499999999
777,Matched MLP (15 ms modeled delay),1606,72,175,1090,244,25,1279448,248,15000,0,0,0.10592072983870968,0.18594555
777,Guarded MLP (15 ms nonurgent delay),1606,362,77,1030,111,26,2172059,440,15000,178,0,0.03165802954545455,0.13303104999999943
777,Trained VQC (0 ms modeled delay),1606,961,20,611,2,12,4992308,983,0,0,0,11.644334462868771,17.794729399999994
777,Trained VQC (15 ms modeled delay),1606,116,132,1315,15,28,1264448,249,15000,0,0,13.993245751004016,21.7573702
777,Guarded VQC (15 ms nonurgent delay),1606,380,59,1128,12,27,2168702,440,15000,177,0,2.719605045454545,13.439403599999991
888,EDF,1475,524,480,447,0,24,4993457,1005,0,0,1,0.004397646766169154,0.0036091999999999995
888,LLF,1475,501,445,505,0,24,4993457,947,0,0,0,0.011170681098204856,0.007498699999999986
888,Threshold Best-Effort Shedding,1475,906,108,68,378,15,4993457,1015,0,0,0,0.003216643349753694,0.0035246999999999995
888,Matched MLP (0 ms modeled delay),1475,929,33,57,452,4,4794620,998,0,0,0,0.09385272745490982,0.1695126499999999
888,Matched MLP (15 ms modeled delay),1475,88,159,958,247,23,1273457,248,15000,0,0,0.1743942741935484,0.49895144999999796
888,Guarded MLP (15 ms nonurgent delay),1475,330,81,905,136,23,2062428,412,15000,150,0,0.05387865048543689,0.1539602
888,Trained VQC (0 ms modeled delay),1475,947,42,469,6,11,4962713,991,0,0,0,12.343583753784056,21.2804505
888,Trained VQC (15 ms modeled delay),1475,152,98,1194,8,23,1241415,250,15000,0,0,12.331612144000001,17.9472533
888,Guarded VQC (15 ms nonurgent delay),1475,347,64,1033,7,24,2051863,412,15000,155,0,3.3819974757281552,12.50455945
999,EDF,1475,493,500,451,0,31,4994578,994,0,0,0,0.002927144869215292,0.0038460999999999977
999,LLF,1475,491,449,505,0,30,4994578,941,0,0,0,0.005615153028692879,0.007064
999,Threshold Best-Effort Shedding,1475,866,140,96,355,18,4994578,1007,0,0,0,0.004080005958291957,0.0035905
999,Matched MLP (0 ms modeled delay),1475,906,62,84,419,4,4796585,995,0,0,0,0.07843330954773868,0.17291089999999998
999,Matched MLP (15 ms modeled delay),1475,87,162,949,248,29,1253381,249,15000,0,0,0.13075419678714859,0.2753261999999999
999,Guarded MLP (15 ms nonurgent delay),1475,381,65,891,108,30,2239569,446,15000,187,0,0.035108529147982064,0.1089715
999,Trained VQC (0 ms modeled delay),1475,953,37,460,12,13,4973577,994,0,0,0,12.582405927565391,20.46541609999998
999,Trained VQC (15 ms modeled delay),1475,142,109,1191,1,32,1228801,251,15000,0,0,12.532122119521913,18.896518999999998
999,Guarded VQC (15 ms nonurgent delay),1475,392,53,996,3,31,2234954,445,15000,189,0,2.3329598471910113,10.861333199999994
