start_us,complete_us,wall_ns,modeled_delay_us,requested_kind,requested_value,selected_packet,shed,fallback
5422,20422,3915241,15000,class,1,3,0,False
24788,39788,12595117,15000,class,1,0,0,False
47620,62620,11366435,15000,class,1,11,0,False
68184,83184,10874735,15000,class,1,4,0,False
87590,102590,18877675,15000,class,1,8,0,False
108920,123920,9497448,15000,class,1,16,0,False
131183,146183,16239032,15000,class,1,21,0,False
153642,168642,15512992,15000,class,1,12,0,False
171947,186947,17282795,15000,class,1,32,0,False
193101,208101,17180542,15000,class,1,33,0,False
210390,225390,15646623,15000,class,1,41,0,False
229717,244717,11145785,15000,class,1,40,0,False
249932,264932,10426875,15000,class,1,50,0,False
269902,284902,7541458,15000,class,1,63,0,False
291689,306689,8844993,15000,class,1,58,0,False
313671,328671,11323001,15000,class,1,70,0,False
331066,346066,13291571,15000,class,1,84,0,False
349167,364167,14066865,15000,class,1,80,0,False
371506,386506,11432555,15000,class,1,85,0,False
393343,408343,13942859,15000,class,1,97,0,False
410647,425647,13191966,15000,class,1,83,0,False
431521,446521,12203064,15000,class,1,106,0,False
450997,465997,11380322,15000,class,1,110,0,False
473604,488604,12183329,15000,class,1,116,0,False
492768,507768,12049382,15000,class,1,105,0,False
511647,526647,10664629,15000,class,1,117,0,False
531206,546206,10331452,15000,class,1,121,0,False
551679,566679,13513393,15000,class,1,140,0,False
570872,585872,14503659,15000,class,1,131,0,False
592608,607608,12014909,15000,class,1,155,0,False
612650,627650,10489047,15000,class,1,157,0,False
631049,646049,12802078,15000,class,1,150,0,False
649526,664526,9006724,15000,class,1,168,0,False
670208,685208,8491788,15000,class,1,164,0,False
687234,702234,10786006,15000,class,1,158,0,False
708487,723487,10535297,15000,class,1,185,0,False
728346,743346,13423548,15000,class,1,169,0,False
751011,766011,13010691,15000,class,1,180,0,False
772492,787492,10705509,15000,class,1,196,0,False
793713,808713,12690552,15000,class,1,209,0,False
815789,830789,12681521,15000,class,1,195,0,False
837843,852843,12093199,15000,class,1,213,0,False
857190,872190,10638130,15000,class,1,222,0,False
875472,890472,10798220,15000,class,1,216,0,False
894763,909763,12399584,15000,class,1,240,0,False
912117,927117,19805932,15000,class,1,218,0,False
929953,944953,19274837,15000,class,1,249,0,False
951693,966693,12704053,15000,class,1,259,0,False
973799,988799,17849483,15000,class,1,248,0,False
992877,1007877,9304966,15000,class,1,243,0,False
1012642,1027642,13583236,15000,class,1,264,0,False
1032991,1047991,20643730,15000,class,1,277,0,False
1050908,1065908,7970956,15000,class,1,282,0,False
1072606,1087606,10635979,15000,class,1,278,0,False
1091181,1106181,10350275,15000,class,1,301,0,False
1108736,1123736,14054314,15000,class,1,294,0,False
1129515,1144515,11798528,15000,class,1,311,0,False
1146874,1161874,7762841,15000,class,1,314,0,False
1166393,1181393,7782268,15000,class,1,296,0,False
1186025,1201025,7593939,15000,class,1,297,0,False
1205422,1220422,10392749,15000,class,1,319,0,False
1225444,1240444,11153811,15000,class,1,315,0,False
1245365,1260365,14101074,15000,class,1,325,0,False
1268065,1283065,12930641,15000,class,1,330,0,False
1290012,1305012,19226667,15000,class,1,343,0,False
1309530,1324530,11260636,15000,class,1,338,0,False
1327909,1342909,11037840,15000,class,1,340,0,False
1347854,1362854,8696595,15000,class,1,364,0,False
1369735,1384735,10343971,15000,class,1,350,0,False
1390771,1405771,13667860,15000,class,1,358,0,False
1410831,1425831,12405617,15000,class,1,375,0,False
1430705,1445705,11500097,15000,class,1,383,0,False
1452570,1467570,11368179,15000,class,1,377,0,False
1474212,1489212,12859476,15000,class,1,401,0,False
1496693,1511693,10066315,15000,class,1,408,0,False
1519102,1534102,13663325,15000,class,1,410,0,False
1541171,1556171,13360905,15000,class,1,403,0,False
1563457,1578457,10329390,15000,class,1,420,0,False
1582489,1597489,10926875,15000,class,1,416,0,False
1605309,1620309,10628075,15000,class,1,431,0,False
1625740,1640740,17741844,15000,class,1,429,0,False
1644494,1659494,16223434,15000,class,1,430,0,False
1664304,1679304,12019386,15000,class,1,437,0,False
1685215,1700215,10693309,15000,class,1,452,0,False
1703670,1718670,14308376,15000,class,1,458,0,False
1720876,1735876,12415185,15000,class,1,451,0,False
1739014,1754014,13220420,15000,class,1,467,0,False
1759049,1774049,10367383,15000,class,1,476,0,False
1777432,1792432,16373507,15000,class,1,473,0,False
1800344,1815344,12268955,15000,class,1,461,0,False
1821639,1836639,18604813,15000,class,1,488,0,False
1840745,1855745,13065227,15000,class,1,493,0,False
1860959,1875959,17228758,15000,class,1,478,0,False
1882257,1897257,10139001,15000,class,1,502,0,False
1899758,1914758,10360228,15000,class,1,510,0,False
1920603,1935603,12329663,15000,class,1,512,0,False
1937701,1952701,11667071,15000,class,1,514,0,False
1959018,1974018,11711674,15000,class,1,503,0,False
1979753,1994753,12269559,15000,class,1,517,0,False
2000871,2015871,10662714,15000,class,1,538,0,False
2018525,2033525,11159806,15000,class,1,544,0,False
2040852,2055852,10832836,15000,class,1,551,0,False
2061815,2076815,15431644,15000,class,1,545,0,False
2083948,2098948,13161859,15000,class,1,539,0,False
2101949,2116949,12111053,15000,class,1,560,0,False
2123397,2138397,10917794,15000,class,1,568,0,False
2140428,2155428,12748783,15000,class,1,561,0,False
2158931,2173931,11366905,15000,class,1,573,0,False
2178353,2193353,12671681,15000,class,1,566,0,False
2196976,2211976,11339905,15000,class,1,588,0,False
2217481,2232481,12116505,15000,class,1,586,0,False
2238041,2253041,14625559,15000,class,1,594,0,False
2259094,2274094,12128163,15000,class,1,592,0,False
2277204,2292204,7973591,15000,class,1,580,0,False
2299225,2314225,10195349,15000,class,1,607,0,False
2319489,2334489,10926049,15000,class,1,597,0,False
2340395,2355395,12484962,15000,class,1,603,0,False
2362277,2377277,8427201,15000,class,1,628,0,False
2382536,2397536,11514078,15000,class,1,620,0,False
2404332,2419332,8384731,15000,class,1,625,0,False
2423810,2438810,19407294,15000,class,1,619,0,False
2444100,2459100,12187785,15000,class,1,642,0,False
2461357,2476357,10725160,15000,class,1,650,0,False
2480753,2495753,10972953,15000,class,1,647,0,False
2499459,2514459,13612014,15000,class,1,663,0,False
2520764,2535764,12313565,15000,class,1,669,0,False
2539283,2554283,10874517,15000,class,1,679,0,False
2557757,2572757,11781917,15000,class,1,661,0,False
2577198,2592198,9226156,15000,class,1,691,0,False
2596658,2611658,14515020,15000,class,1,680,0,False
2615191,2630191,11608148,15000,class,1,684,0,False
2634462,2649462,13058450,15000,class,1,703,0,False
2652007,2667007,22170626,15000,class,1,699,0,False
2673520,2688520,18915363,15000,class,1,711,0,False
2693739,2708739,11113510,15000,class,2,696,0,False
2712730,2727730,10581753,15000,class,1,721,0,False
2732753,2747753,12395227,15000,class,1,725,0,False
2754365,2769365,11799244,15000,class,1,727,0,False
2771888,2786888,11299301,15000,class,1,732,0,False
2792914,2807914,14811319,15000,class,1,734,0,False
2810882,2825882,14164459,15000,class,1,742,0,False
2830506,2845506,10564990,15000,class,1,771,0,False
2851029,2866029,14209333,15000,class,1,772,0,False
2870142,2885142,12942603,15000,class,1,782,0,False
2890811,2905811,11596921,15000,class,1,775,0,False
2909808,2924808,8988663,15000,class,1,788,0,False
2930163,2945163,11716408,15000,class,1,791,0,False
2947450,2962450,12904712,15000,class,3,787,1,False
2968853,2983853,19206671,15000,class,1,793,0,False
2990602,3005602,8152566,15000,class,1,825,0,False
3011562,3026562,10870579,15000,class,1,837,0,False
3031119,3046119,14880672,15000,class,1,815,0,False
3048352,3063352,12829885,15000,class,1,830,0,False
3070716,3085716,7597172,15000,class,1,820,0,False
3090905,3105905,7572093,15000,class,1,831,0,False
3111246,3126246,9751988,15000,class,1,843,0,False
3132376,3147376,13221854,15000,class,1,851,0,False
3149572,3164572,12351688,15000,class,1,865,0,False
3171099,3186099,8211729,15000,class,1,872,0,False
3193496,3208496,11220444,15000,class,1,886,0,False
3213969,3228969,8105541,15000,class,1,894,0,False
3235630,3250630,20212449,15000,class,1,906,0,False
3257842,3272842,10771115,15000,class,1,901,0,False
3276378,3291378,8754111,15000,class,1,892,0,False
3293662,3308662,14786848,15000,class,1,916,0,False
3316029,3331029,15363786,15000,class,1,921,0,False
3334394,3349394,15995762,15000,class,1,907,0,False
3352695,3367695,22414648,15000,class,1,922,0,False
3372364,3387364,18594725,15000,class,1,915,0,False
3390484,3405484,12466327,15000,class,1,931,0,False
3411064,3426064,17499294,15000,class,1,935,0,False
3428672,3443672,13325014,15000,class,1,932,0,False
3448222,3463222,11071900,15000,class,1,941,0,False
3466042,3481042,12016009,15000,class,1,952,0,False
3486588,3501588,8397220,15000,class,1,972,0,False
3505985,3520985,13378493,15000,class,1,977,0,False
3524587,3539587,11113095,15000,class,1,960,0,False
3544100,3559100,12430905,15000,class,1,978,0,False
3563046,3578046,10024584,15000,class,1,992,0,False
3581903,3596903,16535095,15000,class,1,1003,0,False
3598906,3613906,10262028,15000,class,1,986,0,False
3616083,3631083,11038506,15000,class,1,1011,0,False
3633459,3648459,21234319,15000,class,1,1010,0,False
3651167,3666167,11631278,15000,class,1,1001,0,False
3671659,3686659,10294621,15000,class,1,1030,0,False
3688793,3703793,10347571,15000,class,1,1021,0,False
3705797,3720797,13296452,15000,class,1,1028,0,False
3723493,3738493,17282611,15000,class,1,1033,0,False
3742334,3757334,12476092,15000,class,1,1046,0,False
3761199,3776199,18047756,15000,class,1,1061,0,False
3783168,3798168,17468806,15000,class,1,1072,0,False
3805124,3820124,10440011,15000,class,1,1069,0,False
3823476,3838476,10041694,15000,class,1,1067,0,False
3845846,3860846,15493327,15000,class,1,1096,0,False
3866074,3881074,12693220,15000,class,1,1102,0,False
3883607,3898607,10609446,15000,class,1,1083,0,False
3903543,3918543,10097364,15000,class,1,1104,0,False
3922102,3937102,12672483,15000,class,1,1120,0,False
3944127,3959127,19010648,15000,class,1,1132,0,False
3966567,3981567,10782338,15000,class,1,1130,0,False
3983830,3998830,10371845,15000,class,1,1152,0,False
4004802,4019802,16665312,15000,class,1,1140,0,False
4024756,4039756,12414852,15000,class,1,1151,0,False
4042628,4057628,10594129,15000,class,1,1155,0,False
4062692,4077692,11277897,15000,class,1,1170,0,False
4082936,4097936,13726312,15000,class,1,1165,0,False
4105843,4120843,12181732,15000,class,1,1191,0,False
4126145,4141145,11563305,15000,class,1,1181,0,False
4145103,4160103,10836932,15000,class,1,1189,0,False
4164339,4179339,14567220,15000,class,1,1212,0,False
4184380,4199380,12693859,15000,class,1,1204,0,False
4202353,4217353,19114766,15000,class,1,1210,0,False
4219646,4234646,11423397,15000,class,1,1202,0,False
4239534,4254534,13140811,15000,class,1,1206,0,False
4258785,4273785,8581951,15000,class,1,1233,0,False
4277896,4292896,10302045,15000,class,1,1235,0,False
4299458,4314458,11641538,15000,class,1,1217,0,False
4316856,4331856,12705163,15000,class,1,1224,0,False
4333915,4348915,13571390,15000,class,1,1253,0,False
4355313,4370313,10544814,15000,class,2,1240,0,False
4377266,4392266,11257931,15000,class,1,1251,0,False
4397208,4412208,14609647,15000,class,1,1276,0,False
4418489,4433489,11498159,15000,class,1,1268,0,False
4441194,4456194,11561071,15000,class,1,1269,0,False
4462531,4477531,10416288,15000,class,1,1301,0,False
4479680,4494680,14618210,15000,class,1,1298,0,False
4502668,4517668,13214930,15000,class,1,1293,0,False
4521470,4536470,11095010,15000,class,1,1302,0,False
4539858,4554858,11891889,15000,class,1,1324,0,False
4559546,4574546,12802625,15000,class,1,1326,0,False
4582330,4597330,13225199,15000,class,1,1331,0,False
4602387,4617387,10963775,15000,class,1,1340,0,False
4625076,4640076,10582320,15000,class,1,1355,0,False
4643699,4658699,11827940,15000,class,1,1350,0,False
4660841,4675841,13172894,15000,class,1,1357,0,False
4681465,4696465,10807547,15000,class,1,1376,0,False
4698719,4713719,11285011,15000,class,1,1369,0,False
4716562,4731562,8374729,15000,class,1,1380,0,False
4738813,4753813,11304559,15000,class,1,1387,0,False
4759630,4774630,12947779,15000,class,1,1373,0,False
4777772,4792772,17872789,15000,class,1,1383,0,False
4795280,4810280,15620517,15000,class,1,1401,0,False
4817603,4832603,18088880,15000,class,1,1409,0,False
4837187,4852187,12042151,15000,class,1,1416,0,False
4858672,4873672,12298925,15000,class,1,1393,0,False
4880142,4895142,15674670,15000,class,1,1419,0,False
4900160,4915160,11054757,15000,class,1,1427,0,False
4920623,4935623,11873337,15000,class,1,1437,0,False
4940017,4955017,13704536,15000,class,1,1434,0,False
4959803,4974803,17421141,15000,class,1,1431,0,False
4979379,4994379,10914930,15000,class,1,1430,0,False
